distances,0
open to close,-5.477302204928375e-05
open to low,0.0037622892347600485
open to close positive,0.0036743059125964035
open to close negative,-0.003837118644067794
high to low,0.003814974059662777
